username,video_title,profile_link,video_url
KillerManJaro, lady in Uganda strips naked in the middle of the road for unclear reasons. ,https://theworldwatch.com/members/1324629/,https://theworldwatch.com/videos/1619621/lady-in-uganda-stripped-naked-in-the-middle-of-the-road-for-unclear-reasons/
WonkasWilly, lady in Uganda strips naked in the middle of the road for unclear reasons. ,https://theworldwatch.com/members/1323250/,https://theworldwatch.com/videos/1619621/lady-in-uganda-stripped-naked-in-the-middle-of-the-road-for-unclear-reasons/
Uzudu5401, He is busy kissing a man and he don't even know it !!! He Finds Out though! ,https://theworldwatch.com/members/1321284/,https://theworldwatch.com/videos/1619622/they-are-busy-kissing-a-man-and-they-don-t-even-know-it/
fnbs1, He is busy kissing a man and he don't even know it !!! He Finds Out though! ,https://theworldwatch.com/members/1323234/,https://theworldwatch.com/videos/1619622/they-are-busy-kissing-a-man-and-they-don-t-even-know-it/
Elliot87, He is busy kissing a man and he don't even know it !!! He Finds Out though! ,https://theworldwatch.com/members/1322420/,https://theworldwatch.com/videos/1619622/they-are-busy-kissing-a-man-and-they-don-t-even-know-it/
Mark_ey, He is busy kissing a man and he don't even know it !!! He Finds Out though! ,https://theworldwatch.com/members/1321844/,https://theworldwatch.com/videos/1619622/they-are-busy-kissing-a-man-and-they-don-t-even-know-it/
Naap51stang, He is busy kissing a man and he don't even know it !!! He Finds Out though! ,https://theworldwatch.com/members/1323703/,https://theworldwatch.com/videos/1619622/they-are-busy-kissing-a-man-and-they-don-t-even-know-it/
Dan, He is busy kissing a man and he don't even know it !!! He Finds Out though! ,https://theworldwatch.com/members/2/,https://theworldwatch.com/videos/1619622/they-are-busy-kissing-a-man-and-they-don-t-even-know-it/
Chucknorrit, 39 Year Old Woman caught in Between 2 Buses at Bus Stop in Russia (Aftermath Inclu... ,https://theworldwatch.com/members/1323808/,https://theworldwatch.com/videos/1619605/39-year-old-woman-caught-in-between-2-buses-at-bus-stop-in-russia-aftermath-included/
Jasondr91, Saying Goodbye to the Love of your Life.. ,https://theworldwatch.com/members/623283/,https://theworldwatch.com/videos/1619617/saying-goodbye-to-the-love-of-your-life/
BigJimsWornOutTireSale, Saying Goodbye to the Love of your Life.. ,https://theworldwatch.com/members/1323681/,https://theworldwatch.com/videos/1619617/saying-goodbye-to-the-love-of-your-life/
pokahounted, Saying Goodbye to the Love of your Life.. ,https://theworldwatch.com/members/1323713/,https://theworldwatch.com/videos/1619617/saying-goodbye-to-the-love-of-your-life/
BlackRoseBean, What Did the Cameraman Do to this Girl? ,https://theworldwatch.com/members/1320473/,https://theworldwatch.com/videos/1619588/what-did-the-cameraman-do-to-this-girl/
OwMyBawls, She can't Look...Man Breaks through Glass to Kill Himself in Russia ,https://theworldwatch.com/members/1322964/,https://theworldwatch.com/videos/1619603/she-can-t-look-man-jumps-through-glass-to-kill-himself-in-russia/
